Regret,Relative Regret,Accuracy,Optimal
11.2,0.6666666969420432,0.875,False
3.4,0.07218683885665339,0.8402777777777778,False
4.9,0.14454276635531688,0.9027777777777778,False
1.2,0.09374999860301615,0.9305555555555556,False
24.4,0.3128205128205128,0.8055555555555556,False
10.0,0.37037037037037035,0.8333333333333334,False
2.9,0.16384180084738,0.9444444444444444,False
-0.0,-0.0,1.0,True
2.5,0.13812154405032112,0.9027777777777778,False
-0.0,-0.0,0.9722222222222222,True
3.3,0.08418367183094273,0.8194444444444444,False
3.7,0.30833333333333335,0.9513888888888888,False
1.6,0.13793102994685238,0.9166666666666666,False
17.6,1.1578947513717697,0.9027777777777778,False
6.9,0.1100478455508797,0.9166666666666666,False
26.0,1.3,0.8541666666666666,False
-0.0,-0.0,0.9305555555555556,True
13.2,0.6567164054468941,0.875,False
9.2,0.5897435753224795,0.8958333333333334,False
2.1,0.09459459134369613,0.8819444444444444,False
13.0,0.4529616604326717,0.8333333333333334,False
0.0,0.0,0.8958333333333334,True
0.0,0.0,0.9444444444444444,True
5.4,0.23275861303531342,0.7847222222222222,False
33.3,2.08125,0.8263888888888888,False
11.5,0.4243542375690666,0.8333333333333334,False
5.8,0.25217391304347825,0.9444444444444444,False
11.9,0.4666666666666667,0.9027777777777778,False
1.2,0.02434077116775932,0.9444444444444444,False
2.5,0.052083333333333336,0.9375,False
9.5,0.48223348386218523,0.8819444444444444,False
13.6,0.24727272727272726,0.8541666666666666,False
7.6,0.4393063777551542,0.8958333333333334,False
2.9,0.09415584648815617,0.9166666666666666,False
7.4,0.5285714285714286,0.9583333333333334,False
26.1,1.6730768821648603,0.8402777777777778,False
4.5,0.08604206626472059,0.9305555555555556,False
13.6,0.31775701501003184,0.9027777777777778,False
1.6,0.0632411086264481,0.8819444444444444,False
9.0,0.20833332965403434,0.9305555555555556,False
18.9,0.6428571511983177,0.8402777777777778,False
0.8,0.017543860236179962,0.8611111111111112,False
16.4,0.7961164901119252,0.9305555555555556,False
8.7,0.5723684282349087,0.8472222222222222,False
6.5,0.28888888888888886,0.8888888888888888,False
7.8,0.11538461798909697,0.875,False
48.0,1.83908043289067,0.8263888888888888,False
0.4,0.026315789803903856,0.9722222222222222,False
11.1,0.25517241379310346,0.8958333333333334,False
23.0,1.2432432432432432,0.8472222222222222,False
9.8,0.593939393939394,0.8472222222222222,False
1.6,0.03669724899072381,0.8819444444444444,False
14.8,0.3814433064695399,0.9305555555555556,False
16.6,1.1216216071667335,0.8333333333333334,False
12.7,0.8819444678079941,0.8333333333333334,False
9.4,0.11463414634146342,0.9513888888888888,False
11.1,0.8161764476951024,0.8680555555555556,False
-0.0,-0.0,0.8819444444444444,True
6.9,0.2584269589077108,0.8819444444444444,False
6.9,0.47916667936024876,0.9236111111111112,False
7.0,0.39772726410676645,0.8263888888888888,False
14.4,0.35820894842557865,0.9444444444444444,False
3.7,0.30833333333333335,0.9236111111111112,False
15.1,0.9679486942792869,0.8333333333333334,False
6.1,0.4919354990047177,0.8888888888888888,False
9.8,0.27920229133985436,0.9027777777777778,False
14.5,0.39509535963395537,0.8541666666666666,False
34.4,0.999999955643057,0.8263888888888888,False
4.1,0.11918604122489923,0.9166666666666666,False
4.5,0.32142857142857145,0.875,False
5.3,0.21991700896715013,0.8402777777777778,False
16.9,0.5728813559322034,0.8125,False
7.0,0.5303030379657029,0.8819444444444444,False
0.0,0.0,1.0,True
13.6,0.894736853332731,0.8194444444444444,False
9.6,0.48,0.875,False
15.6,0.4041450936962817,0.9375,False
5.3,0.12268518301848688,0.8958333333333334,False
5.7,0.20802919997652708,0.9375,False
11.9,0.35522388059701493,0.8888888888888888,False
8.7,0.2101449197909251,0.8472222222222222,False
6.8,0.16666666978324945,0.9305555555555556,False
26.0,1.1353711979523904,0.8819444444444444,False
3.7,0.12671232545637562,0.9791666666666666,False
3.7,0.23566879267199078,0.9513888888888888,False
14.4,0.5236363636363637,0.8680555555555556,False
7.4,0.14095238095238097,0.8472222222222222,False
6.6,0.4714285714285714,0.8888888888888888,False
8.0,0.6451613101701217,0.9236111111111112,False
7.6,0.22287391026623454,0.8611111111111112,False
13.7,0.4041297753199675,0.9027777777777778,False
30.6,2.185714285714286,0.8402777777777778,False
6.1,0.38125,0.8541666666666666,False
12.8,0.39506170978961946,0.9166666666666666,False
17.2,0.86,0.8125,False
14.4,0.48000000000000004,0.8819444444444444,False
23.7,1.1617647276067682,0.8055555555555556,False
6.5,0.4276315843134376,0.875,False
6.4,0.4444444562182018,0.8611111111111112,False
19.5,1.4772727486187436,0.8541666666666666,False
7.4,0.23270440809872245,0.8611111111111112,False
0.4,0.012383901221305475,0.8680555555555556,False
8.4,0.42857142023025396,0.9027777777777778,False
13.1,0.7797619401732826,0.8541666666666666,False
5.6,0.09807355778718692,0.9375,False
6.6,0.20245399720614365,0.875,False
6.0,0.15,0.8402777777777778,False
12.4,0.7560975785627034,0.8472222222222222,False
8.1,0.21259843371127204,0.8472222222222222,False
0.4,0.007352940970226149,0.9444444444444444,False
17.1,1.0178571890811552,0.8194444444444444,False
16.0,0.9090908893868948,0.8541666666666666,False
1.7,0.025297620196461458,0.875,False
20.7,1.0147059013274304,0.8055555555555556,False
6.1,0.18885449362490847,0.9236111111111112,False
8.4,0.3716814096555219,0.8680555555555556,False
7.6,0.35185184563792465,0.9097222222222222,False
4.5,0.08571428571428572,0.8402777777777778,False
4.1,0.10962566397659121,0.8819444444444444,False
4.1,0.2770270234568438,0.8541666666666666,False
12.4,0.20529800805861093,0.875,False
2.9,0.14795918079377815,0.8472222222222222,False
0.8,0.02531645539058667,0.9166666666666666,False
16.5,0.3142857142857143,0.8194444444444444,False
6.6,0.15172413793103448,0.9236111111111112,False
2.0,0.1,0.7986111111111112,False
21.9,0.9776785880783385,0.8541666666666666,False
10.5,0.75,0.8611111111111112,False
14.0,0.330188667362549,0.8680555555555556,False
8.7,0.30742050298739326,0.8333333333333334,False
11.1,0.8161764476951024,0.9097222222222222,False
4.1,0.2029702893636613,0.9097222222222222,False
1.6,0.0495356048852219,0.8958333333333334,False
0.8,0.05555555702727522,0.8541666666666666,False
0.4,0.010899182334729805,0.8958333333333334,False
-0.0,-0.0,1.0,True
6.8,0.14285714743661151,0.9652777777777778,False
1.2,0.0652173926564381,0.9097222222222222,False
6.8,0.16666666978324945,0.9513888888888888,False
5.7,0.24152541982480358,0.8958333333333334,False
6.4,0.3615819053183559,0.9444444444444444,False
11.6,0.4461538461538461,0.8888888888888888,False
1.6,0.022191401301822348,0.8402777777777778,False
0.4,0.03225806550850609,0.9166666666666666,False
14.6,0.8066298172538754,0.8402777777777778,False
-0.0,-0.0,1.0,True
0.8,0.04651162584386312,0.8333333333333334,False
11.7,0.35029938519417836,0.8402777777777778,False
11.5,0.6804733881408283,0.8472222222222222,False
4.8,0.30769230016825017,0.8888888888888888,False
1.2,0.02857142857142857,0.9791666666666666,False
7.2,0.18274110967409127,0.9305555555555556,False
0.4,0.012903225806451613,0.9722222222222222,False
0.8,0.0196078435039117,0.8541666666666666,False
20.2,0.4950980484737704,0.8263888888888888,False
34.4,1.2835821260931135,0.8263888888888888,False
13.3,0.2995495392550378,0.8194444444444444,False
21.6,0.9152542224939925,0.8680555555555556,False
1.3,0.02420856576406574,0.8472222222222222,False
22.4,0.7,0.8402777777777778,False
2.0,0.09216589537709688,0.8402777777777778,False
34.4,1.2647058468788974,0.8402777777777778,False
30.0,1.875,0.8472222222222222,False
0.8,0.05882352776180919,0.9444444444444444,False
6.8,0.30630629577958746,0.8888888888888888,False
3.7,0.11178248249445717,0.8611111111111112,False
54.4,3.6756756283054397,0.8611111111111112,False
1.2,0.05633803018697211,0.8888888888888888,False
6.9,0.18015666155218343,0.8333333333333334,False
3.7,0.15481171795213322,0.9791666666666666,False
3.3,0.19186045660593534,0.875,False
12.4,0.7380952716144049,0.8055555555555556,False
14.8,1.0277778050045916,0.8333333333333334,False
6.0,0.2033898305084746,0.8888888888888888,False
16.1,0.4735294117647059,0.8055555555555556,False
18.0,0.4166666593080687,0.8402777777777778,False
3.7,0.10306406247177496,0.8402777777777778,False
0.4,0.013333333333333334,0.9583333333333334,False
13.2,0.32038834358162843,0.8541666666666666,False
1.7,0.10365853899649967,0.8472222222222222,False
4.1,0.16666666408218345,0.9513888888888888,False
-0.0,-0.0,1.0,True
2.9,0.062499997944667485,0.875,False
0.0,0.0,0.9583333333333334,True
0.4,0.02,0.8958333333333334,False
0.0,0.0,0.9305555555555556,True
16.4,0.7192982696833784,0.8263888888888888,False
0.0,0.0,0.9861111111111112,True
3.3,0.046874998984011755,0.8194444444444444,False
24.8,0.46268658033588983,0.8472222222222222,False
5.7,0.19,0.875,False
8.0,0.5405405335743294,0.8958333333333334,False
2.9,0.04566929133858268,0.9305555555555556,False
27.7,1.231111111111111,0.8472222222222222,False
1.2,0.07692307504206254,0.8819444444444444,False
1.7,0.06938775510204082,0.8333333333333334,False
5.3,0.25980392642683003,0.8125,False
0.0,0.0,1.0,True
52.0,0.8904109356393961,0.8333333333333334,False
1.3,0.0465949827159346,0.8472222222222222,False
15.2,0.39175258502277066,0.8958333333333334,False
18.4,1.179487150644959,0.8125,False
6.9,0.28750000000000003,0.8680555555555556,False
22.0,1.447368439214712,0.8263888888888888,False
22.6,0.6191780821917808,0.8402777777777778,False
39.2,0.7101449177210585,0.8333333333333334,False
24.2,1.3672315794850332,0.8333333333333334,False
16.6,0.503030303030303,0.8333333333333334,False
4.5,0.14106583240791049,0.8541666666666666,False
5.2,0.30952382358023434,0.8680555555555556,False
0.4,0.028571428571428574,0.9236111111111112,False
14.4,0.27169811320754716,0.9305555555555556,False
-0.0,-0.0,1.0,True
8.0,0.3755868679131474,0.9861111111111112,False
0.0,0.0,0.9513888888888888,True
24.2,1.3152174185715015,0.8402777777777778,False
3.3,0.25000000361240277,0.875,False
6.8,0.25855514058030105,0.9236111111111112,False
0.0,0.0,0.9513888888888888,True
8.4,0.3346613494954911,0.9097222222222222,False
6.5,0.3963414726336752,0.8472222222222222,False
7.6,0.19191919931427923,0.8819444444444444,False
0.0,0.0,1.0,True
5.8,0.19795222358449013,0.8472222222222222,False
13.8,0.8165680657689939,0.8680555555555556,False
10.3,0.33881579372526216,0.8888888888888888,False
16.0,1.2121212296358923,0.8541666666666666,False
2.4,0.16666667108182565,0.9027777777777778,False
21.2,0.574525721499819,0.9236111111111112,False
14.8,0.9487179255187713,0.8680555555555556,False
3.3,0.1746031781272924,0.9166666666666666,False
10.2,0.85,0.9375,False
7.8,0.3157894639300307,0.8888888888888888,False
22.8,0.4064171233537133,0.9375,False
16.7,1.0705127943353703,0.8125,False
13.5,0.1917613594800481,0.8402777777777778,False
-0.0,-0.0,1.0,True
8.4,0.5384615252944378,0.8819444444444444,False
19.8,1.4142857142857144,0.8611111111111112,False
3.7,0.1761904761904762,0.9652777777777778,False
1.2,0.02857142857142857,0.875,False
16.4,0.2662337728285795,0.8125,False
18.1,0.38347457007271446,0.8402777777777778,False
27.3,0.9039734870967868,0.8402777777777778,False
0.4,0.009433961924644258,0.8888888888888888,False
8.2,0.2097186782610053,0.8333333333333334,False
0.8,0.05405405335743294,0.9166666666666666,False
17.5,0.7261410673443637,0.8263888888888888,False
5.6,0.09859155062005956,0.9444444444444444,False
5.3,0.08399366288691218,0.8402777777777778,False
5.3,0.1331658316984288,0.9444444444444444,False
-0.0,-0.0,0.9652777777777778,True
15.6,0.999999975546813,0.8194444444444444,False
14.1,0.7833333333333333,0.875,False
11.1,0.8161764476951024,0.8402777777777778,False
15.6,0.7289719756112495,0.9375,False
13.8,0.907894748234683,0.875,False
6.6,0.15172413793103448,0.8541666666666666,False
44.4,2.5227272180486326,0.8541666666666666,False
11.1,0.7928571428571428,0.8680555555555556,False
0.0,0.0,1.0,True
28.8,0.9536423600141927,0.9027777777777778,False
2.9,0.20714285714285713,0.9722222222222222,False
1.6,0.08290155768128855,0.9305555555555556,False
10.0,0.2427184421072943,0.8958333333333334,False
11.7,0.3952702651762284,0.875,False
21.3,1.2102272464963035,0.9097222222222222,False
16.8,0.807692337318286,0.8263888888888888,False
3.2,0.05871559633027523,0.9027777777777778,False
3.3,0.08684210526315789,0.9027777777777778,False
9.2,0.638888905813665,0.9236111111111112,False
4.9,0.08990825688073395,0.9166666666666666,False
38.4,0.96,0.8055555555555556,False
14.3,0.45541401827154976,0.8819444444444444,False
14.8,0.6351931538460909,0.9375,False
13.5,0.2551984803515694,0.8402777777777778,False
6.6,0.15172413793103448,0.8541666666666666,False
27.6,0.4726027273778334,0.8541666666666666,False
2.8,0.1666666742355108,0.8680555555555556,False
13.0,0.5579399324323772,0.9305555555555556,False
1.6,0.05673758711747009,0.9236111111111112,False
24.8,0.35632184689229873,0.8194444444444444,False
8.2,0.4338624426193326,0.8611111111111112,False
15.6,0.8863636171522223,0.8819444444444444,False
6.2,0.17366946407565026,0.8472222222222222,False
18.1,0.6328671244258864,0.8611111111111112,False
7.2,0.5624999916180969,0.8541666666666666,False
14.5,0.5291970876595864,0.8611111111111112,False
18.5,0.5854430309073166,0.8541666666666666,False
5.6,0.1372549045273819,0.9305555555555556,False
0.8,0.05,0.8611111111111112,False
7.3,0.39459459459459456,0.8541666666666666,False
8.7,0.20616113371354353,0.8472222222222222,False
4.1,0.1231231259440087,0.9097222222222222,False
16.0,1.2121212296358923,0.8541666666666666,False
9.8,0.7656249885912987,0.9305555555555556,False
6.9,0.32394367357508963,0.9305555555555556,False
10.3,0.32594936315380335,0.8819444444444444,False
19.3,1.0722222222222222,0.8402777777777778,False
14.8,0.4265129589220875,0.9166666666666666,False
0.0,0.0,0.9027777777777778,True
15.2,0.45783131478019357,0.8958333333333334,False
9.0,0.5202312368153141,0.8888888888888888,False
24.5,0.5020491881769085,0.8541666666666666,False
11.4,0.21714285714285714,0.9027777777777778,False
16.9,0.4482758529971529,0.8125,False
-0.0,-0.0,0.8958333333333334,True
9.7,0.2657534246575342,0.8402777777777778,False
8.8,0.38427948238388604,0.9166666666666666,False
6.8,0.16504854063296012,0.8819444444444444,False
14.8,0.38341970427595956,0.9166666666666666,False
21.6,0.46551722607062684,0.8541666666666666,False
3.7,0.0878859889335719,0.9791666666666666,False
19.6,0.5697674165873232,0.8402777777777778,False
10.9,0.6488095532739527,0.9236111111111112,False
9.0,0.6428571428571429,0.9305555555555556,False
0.9,0.0576923062815469,0.8680555555555556,False
4.5,0.15517241379310345,0.9027777777777778,False
0.0,0.0,0.8541666666666666,True
6.8,0.23776223459094073,0.9375,False
22.0,0.9649123129898979,0.9027777777777778,False
22.9,1.301136335434993,0.8611111111111112,False
1.2,0.03797468308588,0.9791666666666666,False
15.6,0.3687943328928545,0.8125,False
10.5,0.47297295671848066,0.8472222222222222,False
4.1,0.30147057977927205,0.8819444444444444,False
14.8,0.4314868900640925,0.9166666666666666,False
10.2,0.2023809462537933,0.8680555555555556,False
14.9,0.6535087937977035,0.8333333333333334,False
0.8,0.03980099426950874,0.8958333333333334,False
1.2,0.09090909222269192,0.9097222222222222,False
2.5,0.08223684313719955,0.8541666666666666,False
16.0,0.6374501895152211,0.8958333333333334,False
7.2,0.1874999925494197,0.9513888888888888,False
11.1,0.3936170106274487,0.9375,False
11.5,0.5275229542416547,0.8611111111111112,False
10.7,0.743055575239806,0.8680555555555556,False
0.0,0.0,0.9583333333333334,True
3.7,0.0978835998592397,0.9791666666666666,False
14.4,0.46753247911360307,0.9166666666666666,False
16.8,1.3124999804422264,0.8680555555555556,False
12.7,0.6614583070493417,0.8402777777777778,False
17.7,0.6254417129743519,0.8402777777777778,False
11.1,0.5663265195899784,0.7916666666666666,False
8.4,0.4077669827402544,0.8958333333333334,False
0.0,0.0,1.0,True
3.7,0.10164834738727832,0.9791666666666666,False
3.3,0.15420561022545662,0.8611111111111112,False
1.2,0.047058823529411764,0.9097222222222222,False
18.9,0.8513513220932651,0.8472222222222222,False
12.3,0.8310810703705315,0.8263888888888888,False
0.8,0.05,0.9444444444444444,False
5.3,0.4015151573168893,0.8402777777777778,False
8.2,0.6833333333333332,0.9375,False
3.7,0.1761904761904762,0.9513888888888888,False
13.4,0.7089947233047632,0.8263888888888888,False
27.6,0.8214286087321604,0.8541666666666666,False
0.8,0.04761904978157452,0.9166666666666666,False
7.0,0.5147058679158304,0.8541666666666666,False
7.5,0.17162471096248827,0.8333333333333334,False
18.5,0.6045751558618588,0.8333333333333334,False
0.4,0.018099547198894603,0.9305555555555556,False
6.5,0.18624641019514415,0.8333333333333334,False
18.3,1.2039473835286014,0.8402777777777778,False
2.9,0.15425532540890816,0.8055555555555556,False
4.1,0.07218309956111504,0.9583333333333334,False
0.5,0.009920634620283987,0.8541666666666666,False
11.1,0.5091743297462928,0.8333333333333334,False
18.3,1.2708333669989207,0.8194444444444444,False
3.6,0.043478259267087954,0.8958333333333334,False
24.5,0.8626760679255212,0.8055555555555556,False
15.6,0.38235294832627814,0.9097222222222222,False
22.5,0.39543056936064735,0.7986111111111112,False
27.5,0.7768361247074052,0.8055555555555556,False
30.4,2.0540540275824517,0.8541666666666666,False
28.4,0.4982456140350877,0.8680555555555556,False
12.8,0.38554215981489987,0.8958333333333334,False
7.6,0.5757575840770488,0.9166666666666666,False
7.2,0.4864864802168965,0.9166666666666666,False
7.0,0.2302631607841587,0.8958333333333334,False
27.6,0.4131736338187745,0.8472222222222222,False
7.4,0.19170985213797978,0.875,False
5.7,0.303191501665785,0.8194444444444444,False
5.2,0.17687075059424615,0.8958333333333334,False
2.9,0.08405797101449275,0.9166666666666666,False
7.7,0.3130081252275153,0.8472222222222222,False
0.8,0.0512820500280417,0.9583333333333334,False
-0.0,-0.0,1.0,True
0.0,0.0,1.0,True
0.8,0.02067183421779437,0.9444444444444444,False
5.0,0.2590673677540267,0.9236111111111112,False
3.3,0.22916667273751026,0.8958333333333334,False
4.5,0.2112676132011454,0.9861111111111112,False
20.0,0.4854368842145886,0.875,False
3.7,0.08167770556987074,0.9652777777777778,False
18.5,1.2171052784305532,0.8541666666666666,False
5.3,0.20229007044522612,0.9027777777777778,False
6.6,0.3567567567567567,0.8541666666666666,False
13.6,0.33999999999999997,0.9097222222222222,False
0.9,0.023746700890907916,0.9097222222222222,False
4.8,0.20689654492027856,0.8402777777777778,False
2.9,0.09731543873308011,0.9583333333333334,False
49.3,1.1307339845266773,0.8402777777777778,False
5.3,0.13283207512066011,0.8541666666666666,False
6.5,0.43918918352914266,0.8472222222222222,False
25.8,0.39329269207495465,0.8055555555555556,False
6.6,0.4583333454750205,0.9097222222222222,False
6.5,0.17333333333333334,0.9236111111111112,False
11.7,0.8863636491712461,0.8680555555555556,False
0.4,0.021739130885479366,0.9583333333333334,False
14.8,0.4836601246894871,0.8958333333333334,False
7.8,0.30232559033550854,0.8611111111111112,False
19.2,0.6760563471089799,0.8888888888888888,False
6.1,0.4621212187986839,0.8819444444444444,False
7.2,0.5142857142857143,0.9166666666666666,False
11.9,0.4020270218459075,0.9444444444444444,False
10.6,0.29041095890410956,0.8472222222222222,False
11.2,0.3255813809070418,0.8333333333333334,False
9.2,0.3898305021733671,0.8194444444444444,False
7.8,0.6290322774158686,0.8819444444444444,False
7.0,0.20958082874865372,0.8055555555555556,False
13.3,0.2592592631149926,0.8888888888888888,False
4.9,0.3310810768142768,0.8819444444444444,False
20.2,0.41393443270096125,0.8194444444444444,False
13.7,0.7611111111111111,0.8680555555555556,False
12.7,1.0948275502031408,0.9513888888888888,False
-0.0,-0.0,1.0,True
14.9,0.8097826254841064,0.8125,False
22.4,1.5135134940081223,0.8680555555555556,False
7.6,0.18627451328716116,0.8541666666666666,False
24.0,0.9266409402890141,0.8958333333333334,False
0.1,0.0016949152542372883,0.8402777777777778,False
11.9,0.34492753623188405,0.8958333333333334,False
7.2,0.1914893694731274,0.9375,False
14.0,0.9722222479773164,0.8611111111111112,False
2.5,0.1126126087424954,0.8680555555555556,False
0.8,0.019417475368583542,0.9722222222222222,False
30.0,1.973684235292789,0.8472222222222222,False
8.8,0.16266174211094495,0.9166666666666666,False
27.2,0.6296296185099705,0.8611111111111112,False
6.6,0.13173653095836313,0.8888888888888888,False
7.4,0.24503310639253564,0.9305555555555556,False
13.2,0.2913907333844037,0.9166666666666666,False
35.2,1.9999999566511686,0.8402777777777778,False
13.6,0.8717948504767088,0.8472222222222222,False
6.6,0.30275230417347143,0.9097222222222222,False
38.9,2.069149020140182,0.8263888888888888,False
7.9,0.20844326337574728,0.8819444444444444,False
8.1,0.29241876450910426,0.8263888888888888,False
30.2,1.9358973885585737,0.8333333333333334,False
0.8,0.044444444444444446,0.9166666666666666,False
15.3,0.45,0.8333333333333334,False
6.9,0.2438162609900016,0.8819444444444444,False
5.3,0.36805556530569833,0.9513888888888888,False
17.2,0.39814814111659896,0.8472222222222222,False
27.6,0.8117647058823529,0.875,False
0.0,0.0,0.9722222222222222,True
9.5,0.3991596766611204,0.8333333333333334,False
21.8,0.6566264909347513,0.8333333333333334,False
20.4,0.35789473684210527,0.8541666666666666,False
14.8,0.6434782608695653,0.8680555555555556,False
37.6,1.579831983416645,0.8541666666666666,False
10.6,0.4076923076923077,0.8125,False
16.8,0.5384615252944378,0.8611111111111112,False
0.4,0.011976047357065927,0.9305555555555556,False
1.2,0.08823529164271378,0.9375,False
18.5,0.5854430309073166,0.8680555555555556,False
22.2,0.7762237658704242,0.8680555555555556,False
5.3,0.10018903302691243,0.9652777777777778,False
42.0,1.2574849724919224,0.8611111111111112,False
24.0,0.6382978982437579,0.8541666666666666,False
-0.0,-0.0,0.9861111111111112,True
0.8,0.06666666666666667,0.8472222222222222,False
5.0,0.24038462420187084,0.8263888888888888,False
14.8,0.5461254535671466,0.9444444444444444,False
4.2,0.1404682292168688,0.9027777777777778,False
12.9,0.5375,0.875,False
10.0,0.19083968909926993,0.8819444444444444,False
21.6,0.9,0.8402777777777778,False
9.5,0.6089743440829951,0.9236111111111112,False
10.9,0.20036764143866256,0.8541666666666666,False
15.9,0.36467891184531787,0.8472222222222222,False
13.9,0.23089700704052432,0.8611111111111112,False
0.8,0.032,0.9097222222222222,False
35.2,0.8148148004246677,0.875,False
16.5,0.8967391490260238,0.8333333333333334,False
-0.0,-0.0,0.9652777777777778,True
8.8,0.32116788768305937,0.9166666666666666,False
3.7,0.3189655067520962,0.9513888888888888,False
13.2,0.8918918803976434,0.8541666666666666,False
18.0,0.6338028254146687,0.8680555555555556,False
4.5,0.4166666593080687,0.8819444444444444,False
8.0,0.29411763880904596,0.8888888888888888,False
0.4,0.012903225806451613,0.9722222222222222,False
0.4,0.00925925909573486,0.9583333333333334,False
10.2,0.4722222138824778,0.9027777777777778,False
0.0,0.0,0.9513888888888888,True
10.6,0.5273631740709908,0.8194444444444444,False
10.7,0.4068441182660619,0.875,False
0.0,0.0,0.9444444444444444,True
-0.0,-0.0,1.0,True
0.8,0.042328043182373924,0.9722222222222222,False
-0.0,-0.0,0.9513888888888888,True
0.4,0.029411763880904596,0.9236111111111112,False
7.7,0.39285713521106613,0.875,False
30.0,1.829268335232347,0.8402777777777778,False
19.2,0.7499999888241292,0.8333333333333334,False
7.4,0.19170985213797978,0.9027777777777778,False
14.8,0.463949848808239,0.8333333333333334,False
2.1,0.09633027860065001,0.9097222222222222,False
-0.0,-0.0,0.9583333333333334,True
0.4,0.00980392175195585,0.9861111111111112,False
34.5,1.3068182007011964,0.8333333333333334,False
3.3,0.27499999999999997,0.9305555555555556,False
0.0,0.0,1.0,True
5.6,0.23931624321760264,0.8541666666666666,False
17.0,0.3339882021684567,0.875,False
34.0,0.6538461538461539,0.8194444444444444,False
7.7,0.17342341746344292,0.8472222222222222,False
6.5,0.32994922580044256,0.9236111111111112,False
16.0,0.4255319321625053,0.8472222222222222,False
56.5,2.769607894927528,0.8333333333333334,False
9.8,0.44954130013636673,0.8541666666666666,False
0.4,0.028571428571428574,0.8541666666666666,False
0.8,0.05555555702727522,0.9305555555555556,False
1.6,0.10526315921561542,0.9444444444444444,False
0.4,0.021739130885479366,0.9166666666666666,False
39.2,1.689655116848942,0.8263888888888888,False
3.7,0.08167770556987074,0.9652777777777778,False
1.2,0.055045873486085715,0.9652777777777778,False
14.8,1.1562499827705326,0.8888888888888888,False
0.4,0.011527377268164527,0.9722222222222222,False
6.8,0.16666666978324945,0.9236111111111112,False
22.4,0.5656565874526125,0.8472222222222222,False
23.6,0.5488372093023256,0.8333333333333334,False
0.0,0.0,0.9305555555555556,True
3.7,0.13214285714285715,0.9791666666666666,False
-0.0,-0.0,1.0,True
7.0,0.2302631607841587,0.9097222222222222,False
3.7,0.2983871059536813,0.8819444444444444,False
5.6,0.22857142857142856,0.9444444444444444,False
11.5,0.25669643294294275,0.8263888888888888,False
6.1,0.1580310943299563,0.8611111111111112,False
0.0,0.0,1.0,True
36.0,2.0930231629738403,0.8263888888888888,False
11.9,0.22037037037037038,0.9444444444444444,False
2.0,0.14705881940452298,0.9166666666666666,False
3.7,0.2983871059536813,0.9513888888888888,False
27.2,1.4782609002125968,0.875,False
0.4,0.029411763880904596,0.9861111111111112,False
16.5,0.3072625654669882,0.8611111111111112,False
11.2,0.14893617625687686,0.9166666666666666,False
13.6,0.4146341559859987,0.8958333333333334,False
7.4,0.24999999677812737,0.9583333333333334,False
13.6,0.38746440430836926,0.9444444444444444,False
17.7,0.39775280898876403,0.8472222222222222,False
20.1,0.5153846153846154,0.8541666666666666,False
5.3,0.08333333533265061,0.9097222222222222,False
6.0,0.36585366704646943,0.8333333333333334,False
14.4,0.6515836991602056,0.875,False
46.4,1.9333333333333333,0.8263888888888888,False
2.9,0.16763006519604567,0.9444444444444444,False
5.7,0.39583334381933594,0.9027777777777778,False
16.4,0.4226804206824631,0.9027777777777778,False
11.1,0.3217391304347826,0.9236111111111112,False
1.2,0.045283018867924525,0.8958333333333334,False
18.0,0.9782608898465714,0.8541666666666666,False
0.4,0.00980392175195585,0.9166666666666666,False
11.2,0.6363636225708262,0.8611111111111112,False
0.8,0.027972027598934208,0.9305555555555556,False
12.3,0.3880126089580402,0.8194444444444444,False
15.2,1.0857142857142856,0.9305555555555556,False
23.3,1.3238636076696655,0.8402777777777778,False
8.4,0.2477875994662575,0.9444444444444444,False
3.7,0.17961164715939779,0.9375,False
8.5,0.574324316922725,0.8263888888888888,False
44.8,0.9105690915709536,0.8541666666666666,False
38.0,2.638888958795573,0.8958333333333334,False
-0.0,-0.0,0.9583333333333334,True
0.0,0.0,0.9166666666666666,True
29.6,1.3155555555555556,0.8819444444444444,False
21.8,0.9688888888888889,0.8472222222222222,False
7.2,0.133828998180361,0.9305555555555556,False
14.9,0.8662790313419506,0.8125,False
7.6,0.2638888958795573,0.9166666666666666,False
32.0,1.4814814553175775,0.8472222222222222,False
6.1,0.15885416035436944,0.8888888888888888,False
11.1,0.6271186170365235,0.8472222222222222,False
6.6,0.2972972870801878,0.9375,False
18.5,0.7773109492874449,0.8402777777777778,False
6.8,0.1393442644735909,0.8958333333333334,False
19.5,1.4338234891940989,0.8541666666666666,False
6.8,0.1725888258033084,0.8541666666666666,False
7.6,0.14074074074074072,0.8611111111111112,False
10.3,0.581920878871729,0.8611111111111112,False
4.4,0.25581394214124714,0.8472222222222222,False
37.2,1.2317880483516657,0.8541666666666666,False
21.8,0.9159664159170974,0.9027777777777778,False
3.7,0.08747045075022833,0.9513888888888888,False
1.6,0.058394161396919886,0.9097222222222222,False
9.8,0.5185185289840806,0.8194444444444444,False
6.8,0.12318840409446931,0.9652777777777778,False
25.4,1.476744120542654,0.8472222222222222,False
11.6,0.5248868687679434,0.8472222222222222,False
8.4,0.3870967605838069,0.9583333333333334,False
0.0,0.0,0.9444444444444444,True
22.0,0.34161489873815265,0.8611111111111112,False
22.4,0.9411765007588523,0.8333333333333334,False
1.7,0.04761904660138797,0.8472222222222222,False
0.0,0.0,1.0,True
0.0,0.0,1.0,True
3.7,0.15226337926616212,0.9791666666666666,False
7.4,0.283524900070645,0.8402777777777778,False
10.9,0.619318168394822,0.8194444444444444,False
15.6,0.999999975546813,0.8402777777777778,False
6.6,0.4714285714285714,0.8333333333333334,False
12.4,0.36904763580720246,0.8263888888888888,False
14.4,1.0000000264909539,0.8472222222222222,False
20.1,0.9571428571428572,0.8402777777777778,False
4.5,0.3515624947613106,0.8819444444444444,False
17.2,1.048780512199879,0.9027777777777778,False
23.6,1.6857142857142857,0.8472222222222222,False
28.0,1.129032292797713,0.8472222222222222,False
13.6,0.27586207323460565,0.9583333333333334,False
2.9,0.06183368668761795,0.9027777777777778,False
5.4,0.12162161744189504,0.9097222222222222,False
18.5,1.2847222562557394,0.8333333333333334,False
27.6,1.5333333333333334,0.8402777777777778,False
9.8,0.28405797101449276,0.9166666666666666,False
3.7,0.18407959849647793,0.8402777777777778,False
6.5,0.3939393939393939,0.9375,False
20.0,0.781249988358468,0.8194444444444444,False
21.3,0.4712389300989652,0.8541666666666666,False
25.4,2.1166666666666667,0.8541666666666666,False
3.7,0.30833333333333335,0.9791666666666666,False
4.1,0.20098039591509492,0.9236111111111112,False
9.4,0.5340908975148007,0.8680555555555556,False
18.0,0.40540539147298343,0.8402777777777778,False
22.9,0.8807692307692307,0.8402777777777778,False
23.2,1.31073440677904,0.8888888888888888,False
28.1,1.8012820072349645,0.8611111111111112,False
5.3,0.1261904761904762,0.9027777777777778,False
15.2,0.4935065057310254,0.8402777777777778,False
40.8,0.7611940515203348,0.8472222222222222,False
8.0,0.3773584769857703,0.9097222222222222,False
5.3,0.1338383889954842,0.9097222222222222,False
1.2,0.041958041398401306,0.875,False
7.0,0.20408163719247618,0.8888888888888888,False
14.8,0.6379310135041923,0.8472222222222222,False
11.0,0.22916666666666666,0.8402777777777778,False
9.6,0.18320610153529912,0.8402777777777778,False
3.7,0.10571428571428572,0.9791666666666666,False
2.9,0.09539473803915147,0.9444444444444444,False
29.6,1.0385964912280703,0.8472222222222222,False
3.7,0.08114035359233233,0.9791666666666666,False
18.4,0.4842105263157894,0.7916666666666666,False
10.9,0.28092784057553954,0.875,False
4.8,0.11320754309573108,0.9236111111111112,False
2.0,0.0402414480744107,0.8263888888888888,False
7.7,0.18509616063544057,0.8680555555555556,False
13.9,0.5673469387755102,0.8194444444444444,False
6.2,0.20735786217728253,0.8472222222222222,False
45.6,1.9322033585984286,0.8333333333333334,False
1.2,0.08333333554091282,0.9305555555555556,False
13.7,0.5524193718331667,0.8819444444444444,False
21.6,0.9152542224939925,0.8402777777777778,False
17.7,0.6167247222814068,0.8472222222222222,False
3.2,0.07476635647294867,0.8194444444444444,False
17.3,0.6027874404219401,0.8541666666666666,False
0.0,0.0,1.0,True
2.1,0.0380434777350567,0.9375,False
16.3,0.4441416801402395,0.8333333333333334,False
11.2,0.22222221549436127,0.8402777777777778,False
7.0,0.27027027425096245,0.9097222222222222,False
12.5,0.35612537160695706,0.875,False
16.5,0.4969879403863944,0.8402777777777778,False
0.8,0.022792023782845252,0.9513888888888888,False
0.0,0.0,0.9861111111111112,True
4.9,0.1480362606007676,0.9027777777777778,False
15.6,0.5931559107430435,0.8333333333333334,False
0.8,0.04761904978157452,0.9444444444444444,False
7.2,0.5142857142857143,0.9652777777777778,False
10.0,0.28169014084507044,0.8680555555555556,False
19.1,1.3642857142857143,0.8333333333333334,False
18.8,0.36434109604535647,0.8333333333333334,False
0.4,0.008547008686342951,0.9583333333333334,False
17.6,0.9119171344941741,0.875,False
2.0,0.11904762445393628,0.9236111111111112,False
11.9,0.7391304172698212,0.8888888888888888,False
6.4,0.13305613727708013,0.9444444444444444,False
26.8,1.3673469121631912,0.875,False
14.8,1.08823526359347,0.8541666666666666,False
8.6,0.17029702970297028,0.8263888888888888,False
0.8,0.018475750902907144,0.9305555555555556,False
3.7,0.12671232545637562,0.9305555555555556,False
0.1,0.006410256253505212,0.875,False
21.2,0.6309524096058623,0.8611111111111112,False
4.9,0.24378108990074102,0.8611111111111112,False
11.2,0.44444443098872255,0.8888888888888888,False
19.2,0.4444444365952732,0.875,False
-0.0,-0.0,0.8958333333333334,True
13.4,0.3592493371068497,0.8472222222222222,False
13.3,0.6157407298663682,0.9027777777777778,False
0.4,0.021276596608125267,0.9166666666666666,False
5.3,0.1348600535086528,0.9513888888888888,False
19.7,0.5426997359241609,0.8680555555555556,False
15.6,0.6902654750745406,0.8541666666666666,False
-0.0,-0.0,1.0,True
12.4,0.36904763580720246,0.9375,False
19.7,0.635483870967742,0.8541666666666666,False
2.0,0.0602409624710781,0.9305555555555556,False
7.4,0.17330210463187323,0.8611111111111112,False
7.2,0.3380281811218327,0.9236111111111112,False
14.4,0.5236363636363637,0.9097222222222222,False
6.1,0.21708184758682728,0.9236111111111112,False
32.7,1.901162706367905,0.8125,False
4.1,0.3416666666666666,0.8819444444444444,False
22.6,1.6617646592711097,0.8541666666666666,False
2.4,0.0902255626158526,0.8680555555555556,False
17.9,0.559375,0.9027777777777778,False
10.7,0.5783783783783784,0.8611111111111112,False
7.2,0.5454545533361514,0.9236111111111112,False
14.5,0.35714287056543775,0.9166666666666666,False
0.0,0.0,1.0,True
21.2,1.292682956897525,0.8541666666666666,False
23.8,0.9049429920310537,0.875,False
6.5,0.1981707363168376,0.8888888888888888,False
11.1,0.31805156202555385,0.9236111111111112,False
8.0,0.1639344287924599,0.9166666666666666,False
11.1,0.8671874870778994,0.9236111111111112,False
21.6,1.31707320136729,0.8472222222222222,False
8.4,0.1521739109402268,0.9305555555555556,False
5.2,0.16455696003881334,0.8958333333333334,False
1.3,0.0218855213233223,0.8819444444444444,False
16.4,0.4712643781478789,0.8333333333333334,False
59.6,1.392523389308669,0.8611111111111112,False
17.2,0.32575758046464603,0.8333333333333334,False
0.4,0.03225806550850609,0.9375,False
14.3,0.5437262515144566,0.8541666666666666,False
10.5,0.5555555667686577,0.8680555555555556,False
17.1,0.5738255180467828,0.8611111111111112,False
7.3,0.3613861249645677,0.9097222222222222,False
0.0,0.0,0.9305555555555556,True
10.1,0.33666666666666667,0.8541666666666666,False
36.9,1.4584980676974593,0.7916666666666666,False
15.6,0.7464114968771957,0.9236111111111112,False
6.5,0.3233830784397585,0.8958333333333334,False
13.1,0.3179611591605555,0.8819444444444444,False
-0.0,-0.0,1.0,True
25.5,1.053718975044472,0.8263888888888888,False
2.9,0.21969697287150544,0.9236111111111112,False
32.4,1.4999999735090472,0.8541666666666666,False
6.8,0.11202635773526642,0.9652777777777778,False
8.2,0.24477611940298505,0.8055555555555556,False
27.6,0.552,0.875,False
6.1,0.2019867498641172,0.9097222222222222,False
29.0,0.6987951807228916,0.8055555555555556,False
33.6,1.1789473684210527,0.8125,False
10.4,0.37681158899484735,0.8263888888888888,False
15.8,0.711711687252571,0.875,False
8.2,0.3923445047687823,0.9652777777777778,False
10.5,0.24027459534748355,0.9583333333333334,False
8.0,0.5555555702727522,0.8472222222222222,False
14.4,0.37113402791630906,0.9097222222222222,False
3.7,0.28030303435330006,0.9791666666666666,False
20.1,0.9571428571428572,0.8958333333333334,False
16.0,0.6779660907362907,0.9722222222222222,False
7.2,0.1914893694731274,0.9375,False
8.7,0.20470588235294115,0.875,False
22.4,0.6706586519956919,0.8263888888888888,False
1.2,0.04494381894047143,0.9166666666666666,False
11.3,0.20772058240888872,0.9375,False
10.7,0.2641975308641975,0.8333333333333334,False
8.2,0.41836733879620025,0.8263888888888888,False
5.8,0.1394230820370851,0.9444444444444444,False
12.5,0.30048078025233854,0.8611111111111112,False
11.9,0.959677448878056,0.8402777777777778,False
10.5,0.75,0.9166666666666666,False
1.2,0.04562737774946489,0.8958333333333334,False
6.1,0.2618025836798077,0.8680555555555556,False
8.6,0.16764132802924334,0.8472222222222222,False
15.2,0.8397789878259524,0.8472222222222222,False
1.6,0.10810810671486588,0.8402777777777778,False
18.0,0.8333333186161374,0.8125,False
26.8,0.39880954192068657,0.8402777777777778,False
7.1,0.1621004594445853,0.8333333333333334,False
0.9,0.013910356142983587,0.8680555555555556,False
16.0,1.2499999813735487,0.875,False
0.0,0.0,1.0,True
5.7,0.19,0.8819444444444444,False
11.8,0.34005762941085355,0.8819444444444444,False
47.2,3.1891891480885435,0.8541666666666666,False
-0.0,-0.0,0.9513888888888888,True
11.1,0.6271186170365235,0.8541666666666666,False
15.6,0.7609756097560976,0.8333333333333334,False
11.1,0.8161764476951024,0.9236111111111112,False
42.0,2.1,0.8194444444444444,False
9.4,0.3381295056824583,0.9166666666666666,False
40.5,1.9852941547710596,0.8402777777777778,False
13.6,0.42236023843989784,0.8333333333333334,False
2.8,0.0660377334725098,0.8541666666666666,False
8.1,0.40499999999999997,0.9166666666666666,False
0.0,0.0,0.9166666666666666,True
0.4,0.007194244801754432,0.9722222222222222,False
0.0,0.0,0.9861111111111112,True
21.6,0.3769633558045413,0.9166666666666666,False
12.3,0.7454545454545455,0.8611111111111112,False
7.0,0.13232513796007303,0.8819444444444444,False
20.0,1.1111111111111112,0.8263888888888888,False
11.5,0.46938775510204084,0.8263888888888888,False
24.0,1.420118375250424,0.8611111111111112,False
11.1,0.8409091030599002,0.8680555555555556,False
-0.0,-0.0,0.9652777777777778,True
2.9,0.0629067265941008,0.9583333333333334,False
4.1,0.14137931034482756,0.8541666666666666,False
13.3,0.6129032042576943,0.8472222222222222,False
17.1,0.5463258919109769,0.8472222222222222,False
5.0,0.1543209803865701,0.8958333333333334,False
6.6,0.22,0.9236111111111112,False
14.0,0.29411765648714133,0.8819444444444444,False
0.8,0.02409638498843124,0.8472222222222222,False
14.8,0.5758754692856765,0.8402777777777778,False
5.8,0.38157895215660587,0.8888888888888888,False
30.8,2.2647058188296536,0.9027777777777778,False
21.0,0.9859155282720119,0.8194444444444444,False
7.2,0.5624999916180969,0.9513888888888888,False
25.6,1.2549019842503488,0.8194444444444444,False
7.7,0.25496688097601683,0.9097222222222222,False
14.0,0.7253886297112748,0.8402777777777778,False
21.6,0.4390243834359955,0.9236111111111112,False
12.9,0.3505434855283548,0.875,False
12.1,0.2454361092749065,0.8958333333333334,False
9.6,0.585365867274351,0.9027777777777778,False
20.7,1.3269230444755789,0.8819444444444444,False
2.9,0.09897611179224507,0.8263888888888888,False
35.2,1.9555555555555557,0.8333333333333334,False
0.0,0.0,1.0,True
3.7,0.13503649823037722,0.9375,False
15.2,0.8786127555103084,0.8958333333333334,False
12.3,0.5211864322535236,0.9027777777777778,False
4.4,0.1358024627401817,0.9513888888888888,False
28.8,1.7142857921366825,0.8958333333333334,False
9.2,0.11948051948051946,0.8333333333333334,False
13.1,0.6390243902439025,0.8472222222222222,False
35.6,0.605442184726458,0.8541666666666666,False
12.4,0.47692307692307695,0.8402777777777778,False
2.4,0.0919540216445335,0.9305555555555556,False
0.0,0.0,1.0,True
3.7,0.09946236355151179,0.9166666666666666,False
0.0,0.0,0.9444444444444444,True
1.7,0.02019002448473949,0.8611111111111112,False
15.4,1.2031249820720407,0.8333333333333334,False
10.3,0.29512892692461307,0.8611111111111112,False
14.8,0.31623932139468924,0.8472222222222222,False
23.6,1.396449735662917,0.875,False
8.2,0.4059405787273226,0.9166666666666666,False
8.5,0.1914414348622422,0.8263888888888888,False
1.7,0.05519480656202258,0.9166666666666666,False
-0.0,-0.0,1.0,True
12.7,1.0948275502031408,0.9027777777777778,False
9.5,0.34545454545454546,0.8958333333333334,False
0.8,0.0264900655559498,0.8680555555555556,False
1.6,0.12121212296358923,0.9236111111111112,False
24.9,0.6994382322263495,0.8472222222222222,False
0.0,0.0,1.0,True
22.0,0.6790123137009084,0.9166666666666666,False
6.9,0.36507937244797506,0.9097222222222222,False
9.9,0.6513157976466204,0.8958333333333334,False
6.6,0.22996515068120255,0.8402777777777778,False
14.8,0.30327869326605084,0.8472222222222222,False
2.4,0.1935483930510365,0.9236111111111112,False
3.7,0.28906249569263315,0.8611111111111112,False
7.8,0.3594469919706778,0.8125,False
1.2,0.055299537226258126,0.9236111111111112,False
15.6,0.975,0.9375,False
7.2,0.1304347808059087,0.8819444444444444,False
20.0,1.1363636117336184,0.8402777777777778,False
12.5,0.4058441658972249,0.8611111111111112,False
0.4,0.016064257274217987,0.9722222222222222,False
6.2,0.1493975903614458,0.7916666666666666,False
1.2,0.03399433501234049,0.8888888888888888,False
12.9,0.7329545295681839,0.8680555555555556,False
0.0,0.0,1.0,True
9.6,0.2727272668160684,0.8333333333333334,False
7.4,0.19473684210526318,0.9583333333333334,False
5.4,0.2741116645111369,0.8958333333333334,False
-0.0,-0.0,0.9444444444444444,True
-0.0,-0.0,1.0,True
11.7,0.5416666571004892,0.8402777777777778,False
6.8,0.5151515225952542,0.9305555555555556,False
0.8,0.03292181173322424,0.9236111111111112,False
15.6,0.5270270202349712,0.8958333333333334,False
6.8,0.12408759296845474,0.8472222222222222,False
0.0,0.0,1.0,True
6.5,0.2589641394905586,0.9375,False
14.8,0.8,0.8611111111111112,False
30.0,1.744185969144867,0.8402777777777778,False
4.5,0.11278195057414538,0.9027777777777778,False
2.9,0.05523809523809524,0.8125,False
29.2,1.8717948260235218,0.9097222222222222,False
22.0,1.1167512257861132,0.8402777777777778,False
18.9,1.0216216216216216,0.8611111111111112,False
8.2,0.376146802154919,0.8680555555555556,False
4.1,0.12275448540992574,0.8611111111111112,False
19.7,0.48762374395903996,0.8472222222222222,False
19.7,1.4924242639891923,0.8958333333333334,False
6.9,0.47916667936024876,0.8402777777777778,False
0.0,0.0,1.0,True
14.8,0.310924379714978,0.8541666666666666,False
7.2,0.2482758620689655,0.9097222222222222,False
1.2,0.07317073340929388,0.875,False
8.9,0.47340427453078715,0.8541666666666666,False
4.9,0.0812603658705927,0.875,False
11.1,0.8409091030599002,0.9375,False
9.2,0.48677249659730004,0.875,False
20.1,1.5703124766005208,0.9097222222222222,False
6.1,0.13990826177713453,0.8958333333333334,False
0.4,0.02325581292193156,0.8611111111111112,False
20.9,1.6854839228194427,0.8680555555555556,False
34.9,2.296052660390611,0.8125,False
1.2,0.06779660724719172,0.8541666666666666,False
17.7,0.8984771225642819,0.875,False
47.3,2.5706522272079346,0.8194444444444444,False
7.1,0.20639533968214258,0.8333333333333334,False
34.4,0.9662921762484508,0.8263888888888888,False
15.2,1.1515151681540976,0.8402777777777778,False
26.3,1.1239316422540981,0.8263888888888888,False
3.3,0.08638743282962354,0.9166666666666666,False
16.2,1.0384615130678443,0.8541666666666666,False
11.9,0.9916666666666667,0.875,False
0.0,0.0,0.9861111111111112,True
14.8,1.0571428571428572,0.8888888888888888,False
0.0,0.0,0.9166666666666666,True
0.8,0.04145077884064428,0.9444444444444444,False
9.2,0.3755102040816326,0.8472222222222222,False
0.0,0.0,1.0,True
0.8,0.027972027598934208,0.8402777777777778,False
17.6,0.25882352941176473,0.8263888888888888,False
11.1,0.8409091030599002,0.9375,False
0.4,0.025477707315890896,0.9375,False
8.4,0.6,0.9166666666666666,False
0.0,0.0,0.875,True
5.7,0.21033210036032,0.8819444444444444,False
4.1,0.2928571428571428,0.9236111111111112,False
14.9,0.27090909090909093,0.875,False
17.5,1.0670731955522024,0.8194444444444444,False
1.6,0.027538727057155987,0.9444444444444444,False
0.0,0.0,1.0,True
4.5,0.21531100871457567,0.8888888888888888,False
37.6,0.9400000000000001,0.875,False
9.3,0.4151785784990205,0.8194444444444444,False
12.1,0.22,0.8680555555555556,False
0.8,0.02702702667871647,0.8958333333333334,False
9.9,0.31329113545851,0.8680555555555556,False
5.0,0.15060240617769527,0.8958333333333334,False
5.2,0.07975460495999599,0.8611111111111112,False
17.7,0.699604764180082,0.8541666666666666,False
9.2,0.3309352608807038,0.8541666666666666,False
8.1,0.39512195121951216,0.8333333333333334,False
0.8,0.05405405335743294,0.8541666666666666,False
20.0,1.2820512507010422,0.9027777777777778,False
12.1,0.7159763475220888,0.875,False
18.5,0.9390862580474134,0.8819444444444444,False
0.8,0.05405405335743294,0.9583333333333334,False
3.7,0.18686869406916665,0.9652777777777778,False
18.1,1.1602563818844434,0.8194444444444444,False
25.3,0.6470588487809066,0.8541666666666666,False
28.4,0.6761904761904761,0.8819444444444444,False
6.0,0.4166666777045641,0.8888888888888888,False
4.9,0.27840908487473653,0.9305555555555556,False
21.3,0.7370242311817451,0.8958333333333334,False
11.6,0.4566929202446663,0.8333333333333334,False
0.4,0.006644518188216528,0.9444444444444444,False
9.3,0.290625,0.8611111111111112,False
7.4,0.24342105568611067,0.9583333333333334,False
19.7,0.8040816326530612,0.8541666666666666,False
4.1,0.3306451714621873,0.8958333333333334,False
4.1,0.10677082909064177,0.9236111111111112,False
1.7,0.026438567952035672,0.8611111111111112,False
16.4,0.7038626839916141,0.8472222222222222,False
5.7,0.0858433715212863,0.8680555555555556,False
0.0,0.0,1.0,True
14.4,0.2,0.8333333333333334,False
0.8,0.03539822949100208,0.9583333333333334,False
19.3,0.7338403254705603,0.8472222222222222,False
16.8,0.45652174859506667,0.8888888888888888,False
7.4,0.12353922890641231,0.8472222222222222,False
14.2,0.7675675675675675,0.8402777777777778,False
8.0,0.47619049781574513,0.8472222222222222,False
0.0,0.0,0.9375,True
9.7,0.3108974282950027,0.9236111111111112,False
3.8,0.07421874889405446,0.8333333333333334,False
8.0,0.10989010528354413,0.9444444444444444,False
8.5,0.4829545349867878,0.9027777777777778,False
0.0,0.0,0.9097222222222222,True
12.8,0.624390243902439,0.8263888888888888,False
12.9,0.9214285714285715,0.8680555555555556,False
-0.0,-0.0,0.9722222222222222,True
6.1,0.17888563850316194,0.8819444444444444,False
29.6,1.5744681490012697,0.7986111111111112,False
